{
  "recall@1": 0.6388879706455985,
  "recall@10": 0.8125185944266305,
  "gallery_size": 60502
}