{
  "n_classes":600.0,
  "n_images":3232.0,
  "seed":42.0,
  "recall@1":0.7116336823,
  "recall@5":0.8310643435,
  "recall@10":0.8678836823
}